<?xml version="1.0" encoding="utf-8"?>
<rss version="2.0" xmlns:sparkle="http://www.andymatuschak.org/xml-namespaces/sparkle"  xmlns:dc="http://purl.org/dc/elements/1.1/">
  <channel>
    <title>Sparkle Test App Changelog</title>
    <description>Most recent changes with links to updates.</description>
    <language>en</language>
      <item>
        <title>Version 2.0</title>
        <description>
          <![CDATA[
            <ul>
              <li>Lorem ipsum dolor sit amet, consectetur adipiscing elit.</li>
              <li>Suspendisse sed felis ac ante ultrices rhoncus. Etiam quis elit vel nibh placerat facilisis in id leo.</li>
              <li>Vestibulum nec tortor odio, nec malesuada libero. Cras vel convallis nunc.</li>
              <li>Suspendisse tristique massa eget velit consequat tincidunt. Praesent sodales hendrerit pretium.</li>
            </ul>
          ]]>
        </description>
        <pubDate>Sat, 26 Jul 2014 15:20:11 +0000</pubDate>
        <enclosure url="http://localhost:1337/Sparkle_Test_App.zip" sparkle:version="2.0" length="$INSERT_ARCHIVE_LENGTH" type="application/octet-stream" sparkle:dsaSignature="$INSERT_DSA_SIGNATURE" />
      </item>
  </channel>
</rss>
