<?xml version="1.0" encoding="utf-8"?>
<rss version="2.0" xmlns:sparkle="http://www.andymatuschak.org/xml-namespaces/sparkle">
	<channel>
		<title>Lock Me Now Changelog</title>
		<language>en</language>
		<item>
			<title>Version 1.2.2, Build d1e18ed311812d2c5c269f31016e8a2abac21351</title>
			<sparkle:shortVersionString>1.2.2</sparkle:shortVersionString>
			<sparkle:releaseNotesLink>http://igrsoft.com/wp-content/lockmenow/info_122.html</sparkle:releaseNotesLink>
			<pubDate>Fri, 11 Dec 2015 17:26:43 +0200</pubDate>
			<enclosure url="http://downloads.igrsoft.com/lockmenow/LockMeNow_122.zip" sparkle:version="122" length="2986693" type="application/octet-stream" sparkle:dsaSignature="MC0CFQC4uZVc5iWPiDvFBuDMoJQza9KBEAIUASDLEjGGQ6J4lJLYTBFqkaohD/g=" />
		</item>
		<item>
			<title>Version 1.3.0, Build 2869d11d4043281bca01f3ad1096da12cd97fc46</title>
			<sparkle:shortVersionString>1.3.0</sparkle:shortVersionString>
			<sparkle:releaseNotesLink>http://igrsoft.com/wp-content/lockmenow/info_130.html</sparkle:releaseNotesLink>
			<pubDate>Thu, 31 Dec 2015 11:16:28 +0200</pubDate>
			<enclosure url="http://downloads.igrsoft.com/lockmenow/LockMeNow_130.zip" sparkle:version="130" length="3030246" type="application/octet-stream" sparkle:dsaSignature="MC0CFQCyzWFRN8yDtHJYuBgV5fG2pcZoOQIULucYY3/EwkERbFnqQOYNc4om56U=" />
		</item>
		<item>
			<title>Version 1.3.1, Build be48840610adc4eaff8e57f4324aa850ddf7d665</title>
			<sparkle:shortVersionString>1.3.1</sparkle:shortVersionString>
			<sparkle:releaseNotesLink>http://igrsoft.com/wp-content/lockmenow/info_131.html</sparkle:releaseNotesLink>
			<pubDate>Tue, 09 Feb 2016 14:43:51 +0200</pubDate>
			<enclosure url="http://downloads.igrsoft.com/lockmenow/LockMeNow_131.zip" sparkle:version="131" length="3012465" type="application/octet-stream" sparkle:dsaSignature="MCwCFAVa0+XjZ4aB7xj0Zcp6FylKwUh8AhQmqA+yv+KjRvg96+NYOGYCejKE/w==" />
		</item>
		<item>
			<title>Version 1.3.2, Build 0566ceef00b5ebb50e7cc8e25884a66edc782110</title>
			<sparkle:shortVersionString>1.3.2</sparkle:shortVersionString>
			<sparkle:releaseNotesLink>http://igrsoft.com/wp-content/lockmenow/info_132.html</sparkle:releaseNotesLink>
			<pubDate>Tue, 26 Apr 2016 12:09:34 +0300</pubDate>
			<enclosure url="http://downloads.igrsoft.com/lockmenow/LockMeNow_132.zip" sparkle:version="132" length="3066525" type="application/octet-stream" sparkle:dsaSignature="" />
		</item>
		<item>
			<title>Version 1.3.3, Build 1877d53d6aa75d791d7c9144b7c697e35b41af6e</title>
			<sparkle:shortVersionString>1.3.3</sparkle:shortVersionString>
			<sparkle:releaseNotesLink>http://igrsoft.com/wp-content/lockmenow/info_133.html</sparkle:releaseNotesLink>
			<pubDate>Fri, 29 Jul 2016 13:02:56 +0300</pubDate>
			<enclosure url="http://downloads.igrsoft.com/lockmenow/LockMeNow_133.zip" sparkle:version="133" length="3027877" type="application/octet-stream" sparkle:dsaSignature="MCwCFHtHvFIcZ/gbr7b3zjE19rIvWHnpAhQFoZ0Vfl2Ai5m8nEGOyNARj+iltA==" />
		</item>
        <item>
            <title>Version 1.3.4, Build 3a354aa3217d97b38a9a7d007537f25740023f1f</title>
            <sparkle:shortVersionString>1.3.4</sparkle:shortVersionString>
            <sparkle:releaseNotesLink>http://igrsoft.com/wp-content/lockmenow/info_134.html</sparkle:releaseNotesLink>
            <pubDate>Thu, 06 Oct 2016 15:09:08 +0300</pubDate>
            <enclosure url="http://downloads.igrsoft.com/lockmenow/LockMeNow_134.zip" sparkle:version="134.1" length="3729530" type="application/octet-stream" sparkle:dsaSignature="MCwCFDmybz3/Tf6TXsMsSrq25GDaH8YdAhR0oHi7sC+K+kSf8FWRZDf1wl249g==" />
        </item>
        <item>
            <title>Version 1.4.0, Build 8cc5d54151c872e2768cf27b85dabad11cb3ad12</title>
            <sparkle:shortVersionString>1.4.0</sparkle:shortVersionString>
            <sparkle:releaseNotesLink>http://igrsoft.com/wp-content/lockmenow/info_140.html</sparkle:releaseNotesLink>
            <pubDate>Thu, 09 Mar 2017 10:43:25 +0800</pubDate>
            <enclosure url="http://downloads.igrsoft.com/lockmenow/LockMeNow_140.zip" sparkle:version="140.4" length="2954224" type="application/octet-stream" sparkle:dsaSignature="" />
        </item>
        <item>
            <title>Version 1.4.1, Build 2b6f9dc5b38ba34bb986b933c33c113ab219011a</title>
            <sparkle:shortVersionString>1.4.1</sparkle:shortVersionString>
            <sparkle:releaseNotesLink>http://igrsoft.com/wp-content/lockmenow/info_141.html</sparkle:releaseNotesLink>
            <pubDate>Sun, 12 Mar 2017 21:37:19 +0800</pubDate>
            <enclosure url="http://downloads.igrsoft.com/lockmenow/LockMeNow_141.zip" sparkle:version="141.1" length="2954471" type="application/octet-stream" sparkle:dsaSignature="MCwCFFY1I7qLYuwK5/1wAu4+pvqccfLrAhQ95LvziHdM1L1m+bdqInWnTR9q1A==" />
        </item>
	</channel>
</rss>
